Address,CountryCode,Nickname,Fingerprint,Bandwidth,Flags,Guard,Middle,Exit
104.53.221.159,US,seele,000A10D43011EA4928A35F610405F92B4433B4DC,510,Fast HSDir Running Stable V2Dir Valid,No,No,No
204.137.14.106,NL,SENDNOOSEplz,000F3EB75342BE371F1D8D3FAE90890AEB5664EE,15000,Exit Fast Guard HSDir Running Stable V2Dir Valid,No,No,Yes
178.218.144.18,IT,titamon3,0011254CC8444369B20EF11156B8990438221A54,21000,Exit Fast Guard HSDir Running Stable V2Dir Valid,No,No,Yes
162.247.74.201,US,CalyxInstitute14,0011BD2485AD45D984EC4159C88FC066E5E3300E,26000,Exit Fast Guard HSDir Running Stable V2Dir Valid,No,No,Yes
198.98.61.11,US,freedomrunner,0011F7E36734D661E83ACD2D7653A3796A913D77,24000,Fast Running V2Dir Valid,No,No,No
95.111.230.178,DE,skylarkRelay,00240ECB2B535AA4C1E1874D744DFA6AF2E5E941,7100,Fast Guard HSDir Running Stable V2Dir Valid,Yes,Yes,No
195.15.242.99,CH,StarAppsMobley,00283B5564E3072DCDDAB31D6EF622DD49BF524F,12000,Fast Guard Running Stable V2Dir Valid,Yes,Yes,No
186.105.172.2,CL,ckg,00367893160E9E58BC6101858E543EE6D0A22BC1,750,Fast Running V2Dir Valid,No,No,No
185.220.101.33,DE,ForPrivacyNET,0036FA36AB435FD5D0F640626636867EBFB72C68,26000,Exit Fast Guard Running Stable V2Dir Valid,No,No,Yes
23.132.184.67,US,prsv,003BCF43C832426A160CA0966B8A87C88DB83A17,38000,Fast Guard Running Stable V2Dir Valid,Yes,Yes,No
51.15.75.120,FR,dc6jgk11d,0040A5B04C7E309D37CBE7EDB2B72D3E15D057C1,21000,Fast Guard Running Stable V2Dir Valid,Yes,Yes,No
192.42.116.174,,NTH22R5,004F9A0513C84E72054CEB555DB51EEEF319546D,23000,Exit Fast Running Stable Valid,No,No,Yes
192.42.116.185,,NTH33R5,0055DB090820D7C08999EC1598FD6EA6365861AD,20000,Exit Fast Running Stable Valid,No,No,Yes
109.241.214.64,PL,namie,005C8BF81A0E1F708DB42A573C84AF025A406FCF,6300,Fast Guard Running Stable V2Dir Valid,Yes,Yes,No
149.28.231.184,US,Gimil,005D248D0C720258CE06522E27D1070D6216D43E,10000,Exit Fast Running V2Dir Valid,No,No,Yes
104.244.79.75,LU,Athena,005ED97213F725867E422B8DC0443361BBB24E3C,17000,Fast Running V2Dir Valid,No,No,No
109.70.100.70,AT,eisbaer,0061D22AFD1F06D4E6F35006BD3D9C21D7981EA9,18000,Exit Fast Running Stable Valid,No,No,Yes
174.128.250.165,US,right2,00654113959763F653C92AFF078A7EC3A7BBD2D9,42000,Fast Guard HSDir Running Stable V2Dir Valid,Yes,Yes,No
5.9.12.251,DE,a9,006AE565CA934C6EE5E82FC64008D61426E8C317,44000,Fast Guard HSDir Running Stable V2Dir Valid,Yes,Yes,No
200.25.16.77,BR,GuyaGuya2,006F965E89A9C3A61C9F08A6B31C28F66AF218FD,1600,BadExit Fast MiddleOnly Running Stable Valid,No,Yes,No
199.249.230.103,US,Quintex13,0077BCBA7244DB3E6A5ED2746E86170066684887,6700,Exit Fast HSDir Running Stable V2Dir Valid,No,No,Yes
71.19.144.65,US,venenata,0077DDDDB54954214CFEE0FE8AA85DDC857E7C8A,11000,Fast Running Stable Valid,No,No,No
176.118.193.106,AT,HandsofGoldSpa,0082C49022C0811D45620D408E068835E2BABA71,8,BadExit MiddleOnly Running Stable Valid,No,Yes,No
192.42.116.195,,NTH5R7,008F10F88397C11C062217EAC35D782F03BDF4C7,1,Exit Running Valid,No,No,Yes
5.189.155.39,DE,technofobe,00962D2DD0B9BF3A6AF1D5EB201132388ACA1424,480,Fast HSDir Running Stable V2Dir Valid,No,No,No
192.42.116.174,,NTH22R4,009EF5F8572D671AFCBBAD65998BA35B50EE04BC,18000,Exit Fast Running Stable Valid,No,No,Yes
185.100.87.253,RO,artikel10buc43,00A13056C61CE4C535A64D0207C6DD95771E1033,5700,Exit Fast Running Stable Valid,No,No,Yes
158.174.145.139,SE,mharelay,00B57BF614F7ED3051073B5D4526FF0B23AF217B,12000,Fast Guard HSDir Running Stable V2Dir Valid,Yes,Yes,No
37.9.168.146,SK,GoToXMR,00B73392971F10640E213B989D895A1DBCEB9D60,9500,Fast Running Stable Valid,No,No,No
192.42.116.182,,NTH30R8,00BD33C25A006BA95103D3E8043FA7EF1E2BCA6C,18000,Exit Fast Running Stable Valid,No,No,Yes
2.59.235.35,ES,ARFNETRelay,00C2B794F74B8759D26786EE363009C9C59088F5,11000,Fast Guard Running Stable V2Dir Valid,Yes,Yes,No
185.66.141.125,BZ,l25,00C4B91374AC790CB2F3865D2F36F62DF27F0A0F,530,Fast Running Stable Valid,No,No,No
45.134.225.36,DE,bauruine,00CC3A3D92C33E171BBDAEACC4601173BFA24150,18000,Exit Fast Guard HSDir Running Stable V2Dir Valid,No,No,Yes
89.236.112.100,FI,effiorg1984,00CCE6A84E6D63A1A42E105839BC8ED5D4B16669,13000,Exit Fast Guard HSDir Running Stable V2Dir Valid,No,No,Yes
107.155.81.178,US,tried,00D2CE3C2153EA09786F2105F26B138CF759424F,73000,Fast Guard HSDir Running Stable V2Dir Valid,Yes,Yes,No
45.88.171.100,US,prsv,00D846D23455162A1357680CDA3C2C21351E1A18,47000,Fast Running Stable V2Dir Valid,No,No,No
5.9.56.249,DE,ChumBucket,00DA4A3852EA5EF6841B8B4372DB0EFD3AB0BE92,59000,Fast Guard HSDir Running Stable V2Dir Valid,Yes,Yes,No
199.249.230.144,US,Quintex55,00DCAEAE3E54C32809E7F7CC4BF2A6FC68FC552F,15000,Exit Fast Guard HSDir Running Stable V2Dir Valid,No,No,Yes
116.203.50.182,DE,dragonhoard,00E1649E69FF91D7F01E74A5E62EF14F7D9915E4,15000,Fast Guard HSDir Running Stable V2Dir Valid,Yes,Yes,No
51.222.31.141,CA,overhoop,00E810DD83D1B76D12ED69BC2D3FEBD79F800378,20000,Fast Guard HSDir Running Stable V2Dir Valid,Yes,Yes,No
199.249.230.174,US,Quintex85,00EB3A12C77E70F19F66A7BBD094D62969AF350D,21000,Exit Fast Guard HSDir Running Stable V2Dir Valid,No,No,Yes
131.153.152.170,US,puppetshow,00EEFC60C571929282A0FEBB909D5893BE03787C,110000,Fast Guard HSDir Running Stable V2Dir Valid,Yes,Yes,No
212.227.74.176,DE,IBDUUIBAD,00F1F247B391B84CB6C221720BCBFC0DFDB91117,46000,Fast Guard HSDir Running Stable V2Dir Valid,Yes,Yes,No
192.42.116.217,,NTH20R3,00FB85B65AC2F460CD46A3B6E5639821E3F52048,27000,Exit Fast Running Stable Valid,No,No,Yes
185.195.71.244,CH,DigiGesTor1e1,0111BA9B604669E636FFD5B503F382A4B7AD6E80,32000,Exit Fast Guard HSDir Running Stable V2Dir Valid,No,No,Yes
95.143.193.125,SE,motauri,01181B31BE5860C7D66DA88F88AD522C06470FD9,1500,Exit Fast HSDir Running Stable V2Dir Valid,No,No,Yes
100.15.126.231,US,iatethewholething,01211857DE559D095241AAC508BE6E0512D903A2,6200,Fast Guard HSDir Running Stable V2Dir Valid,Yes,Yes,No
134.209.159.74,IN,bang1,0136696B025AC5503847D736FE9F3D65EB27A596,840,Fast HSDir Running Stable V2Dir Valid,No,No,No
45.129.182.225,DE,b0rken,013ABAED8F4CDB677BE0B5212E4B2583B86035EE,33000,Fast Guard Running Stable V2Dir Valid,Yes,Yes,No
77.91.78.210,FI,cozybeardev,014326416058DCFD0965167026CBEF647409A000,22000,Exit Fast Guard HSDir Running Stable V2Dir Valid,No,No,Yes
78.142.18.219,BG,bauruine,0145977CF1D2D4AAF98907BF81DAAD8480EFC3FD,19000,Exit Fast Guard HSDir Running Stable V2Dir Valid,No,No,Yes
2.57.122.246,RO,prsv,014B673F5342F70F7C5CADC15A8C86CBA6D1608C,7200,Fast Guard Running Stable V2Dir Valid,Yes,Yes,No
5.57.243.47,SE,insist,014BD09636373B78CC28BA70E36C7190E3DE236A,17000,Fast Running V2Dir Valid,No,No,No
20.224.145.181,NL,marsmellow,014EE24BCBDA160F236B2547A4639B27E303A1E7,630,Fast Running Stable Valid,No,No,No
140.99.148.82,US,doc26,015383F9E51E170F70307A5A3A846E024C31E0C6,7900,BadExit Fast MiddleOnly Running Stable Valid,No,Yes,No
51.89.153.112,GB,lizzie01,0165267F20391424CE5AEA316A7C6372C0EEF198,55000,Exit Fast Guard HSDir Running Stable V2Dir Valid,No,No,Yes
45.14.233.149,DE,mikrogravitation01,01759BAA5DE5FA19E36FADAF7D9BC64C15573ABC,27000,Fast Guard HSDir Running Stable V2Dir Valid,Yes,Yes,No
185.21.217.32,GB,Bigdaddy,017B08CC163424CD6ABA4ADD4042B4174D494732,49000,Fast Running Stable Valid,No,No,No
142.44.243.133,CA,PyotrTorpotkinTwo,019FEB22CE04CBD0489B7F24BE038518B64FA223,21000,Fast Guard HSDir Running Stable V2Dir Valid,Yes,Yes,No
144.217.90.215,CA,MyLabRelay4,01A559A83A0F51495D5CC660C2D1AEE4142435A7,13000,Exit Fast Guard Running Stable V2Dir Valid,No,No,Yes
45.136.244.187,RU,bauruine,01A6AB7119098BBEAD9F538187FFBB4E91F0904F,15000,Fast Guard Running Stable V2Dir Valid,Yes,Yes,No
89.58.34.53,DE,root1Moh,01B8F18C11CE2877E8190FA2C81808CD087515C0,21000,Fast Guard HSDir Running Stable V2Dir Valid,Yes,Yes,No
84.254.32.162,GR,abracadabra,01EDF443A7EF02A8DA55FC5AC519D3D38477C303,290,Fast Running Stable V2Dir Valid,No,No,No
185.21.217.29,GB,SofiaLamb,01F2BF8CBD0BA82B5354D01BE4AF249C2C73B038,30000,Fast Running Stable Valid,No,No,No
171.25.193.78,SE,DFRI27,01F648AFD7FCC68E7917F42CF3533CC5D3A93DF1,15000,Exit Fast Guard Running Stable V2Dir Valid,No,No,Yes
109.207.77.201,IL,island,01FC169CAF449D5E5EF67523F69346E7CB6A0572,5300,Fast Guard HSDir Running Stable V2Dir Valid,Yes,Yes,No
92.42.14.204,RU,RS1Lselectel,01FF9C8571D1C09FA8D2ACCE727D5530FEC10038,25000,Fast Guard HSDir Running Stable V2Dir Valid,Yes,Yes,No
194.147.140.103,MN,tor103IPConnectINFO,021325CC77E58EFAC09CC621E2E22C2809AF85C7,11000,Fast Guard HSDir Running Stable V2Dir Valid,Yes,Yes,No
95.216.20.80,FI,c0der,02351FC88D0BF06F6CDE5452656641E6119DBD7E,46000,Fast Guard HSDir Running Stable V2Dir Valid,Yes,Yes,No
185.146.232.243,SC,rome2,02357911B882F257676E75B07ECFFF5885E4B345,8300,Exit Fast Guard HSDir Running Stable V2Dir Valid,No,No,Yes
45.141.153.214,US,howlin,0258BDAE9B351714B0BCC0DABE1D798D662EBA88,45000,Fast Guard HSDir Running Stable V2Dir Valid,Yes,Yes,No
45.158.77.29,GB,prsv,025DDB017D79460C4A3F6795D52FEFBB56A133F3,24000,Fast Guard Running Stable V2Dir Valid,Yes,Yes,No
104.194.235.104,US,Assange029us,02648F2F135C7296A27B1F59D2AE4EEC25D9A877,3500,Fast Running Stable Valid,No,No,No
80.104.242.70,IT,middleIsenguard,02654B8B9803775860CDF2C7F7109FF68A1349AA,12000,Fast Running Stable V2Dir Valid,No,No,No
57.128.174.82,GB,danon,026C57A3DCE4893BC331AD1F8BA6EB894BC4A0F9,12000,Fast Running Stable V2Dir Valid,No,No,No
81.169.222.158,DE,zagreus,02740F472D1DA5C1B77475F18940FE79F15AF4B8,550,Fast HSDir Running Stable V2Dir Valid,No,No,No
94.130.85.4,DE,3vu01,0277985965D361480F51B611E10CA51ADD8300A3,37000,Fast Guard HSDir Running Stable V2Dir Valid,Yes,Yes,No
185.220.102.244,DE,Digitalcourage4ipeb,027E75C92F1231AE5F7BD4E1536696FE3040C460,25000,Exit Fast Guard Running Stable V2Dir Valid,No,No,Yes
185.44.81.21,FR,prsv,02895A5994A6A291D3938C1142EBFD3B8C296709,15000,Fast Guard Running Stable V2Dir Valid,Yes,Yes,No
146.0.36.87,DE,Kanellos,028BEF4A81578286BAA1352C73E4609B9915C687,43000,Fast Running V2Dir Valid,No,No,No
141.147.54.226,DE,LV426,02A59412DE589A009369BCBF81E56F0D64B3B464,20,Running Stable V2Dir Valid,No,No,No
5.2.79.190,NL,onionDAOrel0aded1,02A8CCB1FB70984226231283596DA734A80E3F6F,2500,Exit Fast Guard HSDir Running Stable V2Dir Valid,No,No,Yes
185.220.101.171,DE,relayon1171,02AA3657638207AB3EE3D988C5549358252CF9AC,9800,Exit Fast Guard Running Stable V2Dir Valid,No,No,Yes
89.58.60.208,DE,0x67726579,02B2152129686AE0BE05F3D1460591DD71C4BB15,15000,Fast Guard HSDir Running Stable V2Dir Valid,Yes,Yes,No
152.70.140.84,US,Shado,02B4B5B92EE60D5317A0DB301175737AB8F1718A,6800,Fast Running Stable Valid,No,No,No
185.220.101.164,DE,relayon1164,02C768E3B61332EDB4565ECF99FE9A937EFEB83F,15000,Exit Fast Guard Running Stable V2Dir Valid,No,No,Yes
45.92.33.62,GR,kykeon,02C7A07B1214AA338A705EFCCA409D700F757201,31000,Fast Guard HSDir Running Stable V2Dir Valid,Yes,Yes,No
178.170.10.39,FR,Fearless2,02D634ADD9B41677D2834BF2C5203B6833DE7380,4800,Fast Guard HSDir Running Stable V2Dir Valid,Yes,Yes,No
178.18.94.247,NL,bigtits,02D7A3058F5DBC0A02AA48BB1F0412C52DF86B92,88,Running Stable Valid,No,No,No
209.141.37.94,US,8412034103780237,02D832F002D4CA3D25ADDA2CBBB2D09EE41A15AB,2900,Exit Fast Guard HSDir Running Stable V2Dir Valid,No,No,Yes
185.220.101.153,DE,relayon0153,02E61710C4FB8FDE5F4829F65098844339B3F6EA,6500,Exit Fast Guard Running Stable V2Dir Valid,No,No,Yes
98.116.189.219,US,tortellini,02F250898E6213FC6B5BAEA368322BEE015AD677,5900,Fast Guard HSDir Running Stable V2Dir Valid,Yes,Yes,No
45.141.215.97,PL,Quetzalcoatl,02FCF62C0AD3AD1D208D7F27E12E8840EF53C7E0,12000,Exit Fast Guard HSDir Running Stable V2Dir Valid,No,No,Yes
192.42.116.179,,NTH27R2,03000EDDFEB7DB6A4171D09D2DF028ADA6B27DEE,24000,Exit Fast Running Stable Valid,No,No,Yes
23.128.248.18,US,StormyCloud,0302123FAFBD664BCD5550B14B8A704012181EB4,12000,Exit Fast Guard HSDir Running Stable V2Dir Valid,No,No,Yes
145.40.203.242,CH,Basil,030651D6401349BFC9D5283A1E53ECAA679EB6ED,2900,Fast Running Stable V2Dir Valid,No,No,No
79.56.40.176,IT,ElDavo,030ED2A606603ECBA954B928B81CEB35B8DC62C2,6400,Fast Running V2Dir Valid,No,No,No
80.64.218.59,GB,TorUk2,0318F32C914B86718C0AFAB8B690AF559C38DD7A,2300,Fast Running Valid,No,No,No
93.95.225.141,IS,syndicateguys,031C40EC2C8C861740DC845F5E8888368CE5FA56,12000,Exit Fast Guard HSDir Running Stable V2Dir Valid,No,No,Yes
89.147.110.154,IS,ResetTheWorld,0321C0C3E51DA94199706CA42F5794B607E395B9,130,Exit Fast Running Stable Valid,No,No,Yes
23.137.249.227,NL,hogman9,032E18F26B35047A20EB1F0E480D0DFD3D8AB6E2,13000,Exit Fast Running Stable Valid,No,No,Yes
193.26.115.61,US,Quetzalcoatl,03465D21A22B24B242301471D5AA11E4E0E0C915,8400,Exit Fast Guard HSDir Running Stable V2Dir Valid,No,No,Yes
77.91.86.95,SE,cozybeardev,034ED155E6DA8277BC7F294896BFD7013D7BD7B0,15000,Exit Fast Guard Running Stable V2Dir Valid,No,No,Yes
107.189.8.226,LU,Quetzalcoatl,035F813195F0CB9F567EDFDF60C6745CA36BA0BD,14000,Exit Fast Guard HSDir Running Stable V2Dir Valid,No,No,Yes
172.107.202.142,US,parsel,036E015AD84D3C605666E3A3306B1E3E18A89482,62000,Fast Guard HSDir Running Stable V2Dir Valid,Yes,Yes,No
193.189.100.202,SE,TORKeFFORG9,036EFD2E61DEA3D2FEE59861BA4245E4DE864112,25000,Exit Fast Guard HSDir Running Stable V2Dir Valid,No,No,Yes
209.58.180.236,SG,hong,0371E4EC901C4FC77FEA2AA5BE4218F0BE1F6CE3,2800,Fast Guard HSDir Running Stable V2Dir Valid,Yes,Yes,No
5.154.174.241,PT,SLOG,037B6C60DAD4DF32FDA29BF458D5C8C816AA8F3E,17000,Fast Guard HSDir Running Stable V2Dir Valid,Yes,Yes,No
37.120.171.188,DE,dike,037BCD0EBDF7DB9F3D562DA27D463F0F78F1494B,13000,Fast Guard Running Stable V2Dir Valid,Yes,Yes,No
139.162.86.33,JP,s5p2jplinode,037C1DFCEE2E319CC512944A1A7A5700522ABF1F,1200,Fast HSDir Running Stable V2Dir Valid,No,No,No
185.220.101.78,DE,CCCStuttgartBer,037FF23B7D09A6044AA30B0AEA134FFEBC9A231A,22000,Exit Fast Guard Running Stable V2Dir Valid,No,No,Yes
185.243.218.89,NO,bauruine,038B2A774C859796FC11D26DB7F16494708F7749,17000,Exit Fast Guard HSDir Running Stable V2Dir Valid,No,No,Yes
82.221.131.71,IS,turnt,038C30D2AD053147C91EFB1291527ED621D7D1B1,8900,Exit Fast Guard HSDir Running Stable V2Dir Valid,No,No,Yes
45.79.159.52,US,ry4an,039003C320D9980E0A740F107A1A9C13C99C5FE3,490,Fast Running Stable Valid,No,No,No
45.138.228.251,NL,BoomStick,039A383F8CE5B98D1A84D2838D24930657E472E0,21000,Fast Guard HSDir Running Stable V2Dir Valid,Yes,Yes,No
202.61.244.17,AT,noury,039BD369CCB62BE840FCE46B77213A8104DEB1AF,34000,Fast Guard Running Stable V2Dir Valid,Yes,Yes,No
185.220.103.114,US,psychopomp7,039F4CBDFF7D07FC5C8188ADC073F8632C9C9708,38000,Exit Fast Guard HSDir Running Stable V2Dir Valid,No,No,Yes
96.66.15.152,US,TLCOnion,03A33C3454FC0F9AC6966F12FA486999F5A22896,230,Exit Fast HSDir Running Stable V2Dir Valid,No,No,Yes
89.58.55.205,DE,RelayUli,03B9585A46122C21774B3096664A8A2140BF5635,32000,Fast Guard HSDir Running Stable V2Dir Valid,Yes,Yes,No
46.148.26.44,LT,snakeskin,03BAAC87560E85B282A94FA69128E00438663511,9000,Fast Guard HSDir Running Stable V2Dir Valid,Yes,Yes,No
163.172.76.56,FR,Totonicapanp6,03BD56B5072FB07D2B4D79E2FB04366D415EF3EC,19000,Fast Guard HSDir Running Stable V2Dir Valid,Yes,Yes,No
85.215.91.150,DE,929oi1u23jd987j,03BE73E581F99EFFF19AB582EF0C7E8E6531CEDA,12000,Fast Guard HSDir Running Stable V2Dir Valid,Yes,Yes,No
81.7.10.193,DE,Ichotolot61,03C3069E814E296EB18776EB61B1ECB754ED89FE,190,Fast Running Stable V2Dir Valid,No,No,No
185.163.45.212,MD,server001,03C794401A92F2F033AD5DFB2FC005D445910654,5300,Fast Guard HSDir Running Stable V2Dir Valid,Yes,Yes,No
185.104.194.129,PL,lewandowsky,03CB58CC506894147FFABAF43F6A84C52BDFCECA,6700,Fast Guard HSDir Running Stable V2Dir Valid,Yes,Yes,No
109.70.100.6,AT,Unnamed,03CCD8C021B75030122B48E5665A86E199EC989C,14000,Exit Fast Running Stable Valid,No,No,Yes
136.243.3.194,DE,blackfox,03D1EF3EF2BE5145150C58ACC72519DD860E61BA,58000,Fast Guard HSDir Running Stable V2Dir Valid,Yes,Yes,No
79.232.168.54,DE,magrateaNode,03D817614E570EE6DF3FCAC8EA4F65E6A44BF951,2300,Fast Running Stable V2Dir Valid,No,No,No
198.74.57.57,US,itzme,03DA20FD71CED188C8B7652E81941C506724DBA6,60,Running Stable V2Dir Valid,No,No,No
94.100.6.72,LV,Wildtwister,03E107A3663E912664F4A934DFF451262C218357,550,Fast HSDir Running Stable V2Dir Valid,No,No,No
217.155.40.118,GB,4pyro2eu3org0,03E9F7E669C8F911C5EEC3EC094533151F857420,1400,Fast Running Stable V2Dir Valid,No,No,No
187.20.59.164,BR,arbitrium,03F68AB569154C4B995E7F36528322079E4829B9,42,Exit Running Stable V2Dir Valid,No,No,Yes
192.42.116.217,,NTH20R4,0403BD88235C49F4C0672F213912FCB3A2B93DCC,22000,Exit Fast Running Stable Valid,No,No,Yes
89.147.111.107,IS,tortmak2002dev,0407B65131D4096F7FD042ED46AA5728ED051274,12000,Fast Guard HSDir Running Stable V2Dir Valid,Yes,Yes,No
158.69.204.36,CA,stars1,0409605E8343562A790FFE846CB3BD7C04429F70,16000,Fast Running V2Dir Valid,No,No,No
177.104.142.225,BR,red6,040D6001435CDAA8D3DAE2EE51CF2F48C4530E76,2600,Fast Guard HSDir Running Stable V2Dir Valid,Yes,Yes,No
207.244.78.230,US,Kumquat,04102613D8F998E956A7868D2DE5A532EE2473EA,120000,Fast Guard HSDir Running Stable V2Dir Valid,Yes,Yes,No
76.71.6.191,CA,LunchBoxCanRelay,0411EDB54F61F58F5EA8B96C3BBE0985B288069D,16000,Fast Guard HSDir Running Stable V2Dir Valid,Yes,Yes,No
199.249.230.79,US,QuintexAirVPN26,041646640AB306EA74B001966E86169B04CC88D2,6400,Exit Fast Guard HSDir Running Stable V2Dir Valid,No,No,Yes
66.175.235.244,US,ecuasterces,042BCDF2D36D7AEE070E086DAD4B57F27B2F1143,41000,Fast Guard HSDir Running Stable V2Dir Valid,Yes,Yes,No
95.236.250.142,IT,Unnamed,042FE97AC141322809AD2862BE08F88705D4AADF,300,Fast HSDir Running Stable V2Dir Valid,No,No,No
104.248.129.93,DE,HISENSE,043238F2D458A3CF023076BA5CBC893D0351A341,320,Fast HSDir Running Stable V2Dir Valid,No,No,No
77.109.152.87,CH,arbertDelroth,0432BEE829FCB155CE92CF418B7280F9849E12D0,37000,Fast Running Stable V2Dir Valid,No,No,No
72.107.21.253,US,Unnamed,0438B5679D52CD10756924D425FDE03B40840304,1600,Fast HSDir Running Stable V2Dir Valid,No,No,No
95.216.22.87,FI,johnsrelay,0439AB73BB2B8730FCB15B18252928FC0C2EDF91,37000,Fast Guard HSDir Running Stable V2Dir Valid,Yes,Yes,No
198.251.88.142,LU,Polyphemus2,044428D910C037932A0763BB089769943F6BA648,19000,Exit Fast Guard Running Stable V2Dir Valid,No,No,Yes
185.229.90.81,CH,bauruine,045BBCA9602A22C112984F25003CD4897CFFB9E5,13000,Fast Guard HSDir Running Stable V2Dir Valid,Yes,Yes,No
190.211.254.210,GB,LAGARGOUILLEVIF,046A2841A526E3D5690ED33D568E9891C39503D8,1600,Fast HSDir Running Stable V2Dir Valid,No,No,No
95.217.62.4,FI,Zwiebelmett,046F2D59A85FAE693676A87533717C57436261C2,25000,Fast Guard HSDir Running Stable V2Dir Valid,Yes,Yes,No
185.220.101.51,DE,ForPrivacyNET,04749CD6A6BE1C0B14EE63DFD0F13EEB9EFEE8AB,23000,Exit Fast Guard Running Stable V2Dir Valid,No,No,Yes
192.42.116.17,,hviv117,0485027A0A349D454D978F6C1CECDD29EA17769A,21000,Exit Fast Guard HSDir Running Stable V2Dir Valid,No,No,Yes
82.223.165.239,ES,ZwiebelRouter04,048B9A44712BDC2B896691E37B2B62C4A81D4DE5,13000,Fast Running V2Dir Valid,No,No,No
146.19.213.39,US,Scarab,049298986477A89407AA70311645D0497F1E0FE1,960,Fast HSDir Running Stable V2Dir Valid,No,No,No
81.169.237.83,DE,DonaldStrato,04941C6EA54F50D2150FF24D9786D0A266E1ADE6,29000,Fast Guard HSDir Running Stable V2Dir Valid,Yes,Yes,No
85.214.49.28,DE,HackerBobRelay,049700B89D90486682F4F96B98C589F18731267D,30000,Fast Guard HSDir Running Stable V2Dir Valid,Yes,Yes,No
193.218.118.180,UA,reallyniceplace,049852A10805835E9AB2C551D6C438BE6DE8B24C,7000,Fast Guard HSDir Running Stable V2Dir Valid,Yes,Yes,No
51.158.187.110,FR,aaron0x10c,04C3468BE24740347CBCC00534C940DBCBCABC82,21000,Fast Guard HSDir Running Stable V2Dir Valid,Yes,Yes,No
192.42.116.199,,NTH9R3,04D50494BD2E4B3913489062303442BC9D5CC0C7,19000,Exit Fast Running Stable Valid,No,No,Yes
209.35.35.155,CA,vaseline,04D61D5E5FFEBEED22BB6E8068EDC2E119CD6864,20000,Fast Running Stable V2Dir Valid,No,No,No
207.244.238.230,US,Assange006us2,04D9CEA8D778ABA130B014F758C2BCADD31DA05E,3700,Fast Guard Running Stable V2Dir Valid,Yes,Yes,No
85.239.34.24,US,Spellbound,04DAB3B5205C0EE19A702EBAFBBBC7AD21C24805,9200,Fast Guard HSDir Running Stable V2Dir Valid,Yes,Yes,No
46.22.212.230,EE,takei,04DFE047ACDF7A6620ACA782FAFC5EF1AE7F4754,17000,Fast Guard Running Stable V2Dir Valid,Yes,Yes,No
190.2.143.176,NL,moredaysleft777,04E96ED4C16CBED0D9E9AE6B979C21E842051687,79000,BadExit Fast MiddleOnly Running Stable Valid,No,Yes,No
213.175.95.220,LV,TorOnionsAreGreat,04EA8C169CD0F108AACE4F0E54F6202A2F8B41A3,10000,Fast Guard HSDir Running Stable V2Dir Valid,Yes,Yes,No
91.213.233.138,KG,dorinne,04EE5E1B23127D26A36F71C66810D88B0B80BB91,560,Fast HSDir Running Stable V2Dir Valid,No,No,No
185.148.1.169,FI,SuckBankMoney,04FA76645DC5B794E2A088D58ABD5C5153A2CD23,20000,Fast Running Stable Valid,No,No,No
185.220.101.15,DE,artikel10ber57,050A1245EEC76B7438337BAAF19F4AB0666B375F,27000,Exit Fast Running Stable Valid,No,No,Yes
185.206.146.238,CY,adhoczone,050A7B26C0CACA6AE9A37B5E342B3D5CC56C790A,160,Fast Running Stable Valid,No,No,No
185.195.71.9,CH,AccessNow007,0516085D6CAC40ED4CDCEFDFC5CCF6B00DE61DED,860,Exit Fast Running Stable V2Dir Valid,No,No,Yes
89.147.110.36,IS,Kyavik,054532B307386E91683D8F47522871E2FEADD8EF,24,Running Stable Valid,No,No,No
80.13.139.249,FR,Mesolvarde,05475D946B748E1204F4D9AA44004575DB2A3CA7,17000,Fast Running V2Dir Valid,No,No,No
150.230.20.28,NL,RelayChu,054AF5AE5DA4AA0B81D7155542AF204252CB6D61,23000,Fast Guard HSDir Running Stable V2Dir Valid,Yes,Yes,No
185.112.147.11,IS,RecapturePrivacy,05589195D66E7A7E05B17D41A2C332572742C295,15000,Fast Guard HSDir Running Stable V2Dir Valid,Yes,Yes,No
109.236.83.11,NL,Unnamed,05681A9767834D9EDA9BDFE4E15A1BD73C4FDFCF,22,Running Stable V2Dir Valid,No,No,No
178.39.46.49,CH,myNiceRelay938635,0593A11A5C10A3FA3DC69C7256A818D294961C98,440,Fast HSDir Running Stable V2Dir Valid,No,No,No
178.20.55.16,FR,marcuse2,05A48DCB220236FCCA21B432C3D4A1FCE8AFCEEB,23000,Exit Fast Guard HSDir Running Stable V2Dir Valid,No,No,Yes
185.196.21.125,DE,rchzuege42derushasd,05A620BF1665DB6DBE0BA66A379C318A47EE9EDA,6200,Fast Guard HSDir Running Stable V2Dir Valid,Yes,Yes,No
121.50.43.135,JP,sonolbellsan,05B142AB4FCBC01482B9C8F6588B221C2E193EEF,2000,Fast Guard HSDir Running Stable V2Dir Valid,Yes,Yes,No
81.20.143.138,DE,Unnamed,05BEC77F40DEC72C57CBCD3DD30439E859B8E52B,550,Fast Running Stable Valid,No,No,No
144.76.86.5,DE,TORtuga,05C32C5EE14454E0C4CD81DAE0F3DC32F729DA4B,51000,Fast Guard HSDir Running Stable V2Dir Valid,Yes,Yes,No
62.27.229.114,DE,h3u60M7iPf,05C46D155495916A210213006B64CC99FB903CD5,4800,Fast Running V2Dir Valid,No,No,No
193.135.10.219,DE,electroncash,05C621B44EF6833889AE7B7E2A0B476569C47E37,840,Fast HSDir Running Stable V2Dir Valid,No,No,No
192.18.159.101,CA,toronto1,05CC8826920ED353BEEE5E59FDB5697D4F5B77E7,7500,Fast Running Stable Valid,No,No,No
133.242.146.78,JP,Superfly,05D2B4678A1C9BDBB5D1D078F6813CA9712A8384,1100,Fast HSDir Running Stable V2Dir Valid,No,No,No
37.48.120.47,NL,Taco,05DDBB74AAB6F19E003188702B1E54F23035D064,310,Fast HSDir Running Stable V2Dir Valid,No,No,No
85.93.218.204,LU,HelpCensoredOnes,05FFA39D71DA116F7669EA4EE53A0BAEA315BA7F,6100,Exit Fast Guard Running Stable V2Dir Valid,No,No,Yes
135.125.250.251,FR,l1st3n,05FFCE91894DA6A74CF39C0C634F329CBF09423D,8100,Fast Guard Running Stable V2Dir Valid,Yes,Yes,No
45.128.232.170,NL,prsv,061CDBB0B8057408BCBC28D00D6016B42A610A24,3100,Exit Fast Running V2Dir Valid,No,No,Yes
163.172.184.32,FR,loglessRelay1,061E0496931D23A81A2B685C9339D36857DD0FA1,27000,Fast Guard Running Stable V2Dir Valid,Yes,Yes,No
192.42.116.182,,NTH30R5,0620C528138F289BBE25BF78EE25794B265D8143,18000,Exit Fast Running Stable Valid,No,No,Yes
192.42.116.187,,NTH35R1,0625BCA64F30EC2E1AC1C5021E651074257C2908,34000,Exit Fast Guard Running Stable V2Dir Valid,No,No,Yes
45.154.98.45,NL,Quetzalcoatl,0632EC43FEA8EA3F377FE2E34DA671746F1642DD,3200,Exit Fast Guard HSDir Running Stable V2Dir Valid,No,No,Yes
104.200.17.42,US,CloudOasis,063D23ED6A65CDCCBF8A2A8CC230B09C34F01FCF,140,Fast HSDir Running Stable V2Dir Valid,No,No,No
185.220.101.159,DE,relayon1159,064021DA4AF18DFE46412384A97858F1685A443D,5900,Exit Fast Guard Running Stable V2Dir Valid,No,No,Yes
163.172.13.237,FR,4728,0645197737A373E6EFF2B9F47913DF06FA3B5310,21000,Fast Guard HSDir Running Stable V2Dir Valid,Yes,Yes,No
45.41.204.203,US,lakeshoreCrypto007,0645A80A17909D33FAFB5548E8A10F80AB38E65E,400,Fast HSDir Running Stable V2Dir Valid,No,No,No
85.146.92.119,NL,TheYOSH,064D183D34DECB84F72C4335B0C24D1E8946A9BA,13000,Fast Guard HSDir Running Stable V2Dir Valid,Yes,Yes,No
46.248.165.120,PL,CoreRelay005,0669834C7CEA3BEF77D34B739C3235EFF97A8864,1,Running V2Dir Valid,No,No,No
31.133.1.108,PL,AlexandruIoanCuza7,066A594A67DFE1A6BDC8AF650341BB17F39655AA,28000,Fast Guard HSDir Running Stable V2Dir Valid,Yes,Yes,No
102.130.113.42,ZA,Psyduck,066FE3C4E07A18EA53B2828F753D3788D58D771D,1000,Fast HSDir Running Stable V2Dir Valid,No,No,No
109.70.100.5,AT,Unnamed,06804E6383EE94E83C9453F39B1E524C272D6D84,20000,Exit Fast Running Stable Valid,No,No,Yes
192.42.116.180,,NTH28R7,06A0482D3DED57CE8E0131531B3DB44A8AEF683C,21000,Exit Fast Running Stable Valid,No,No,Yes
150.230.39.121,US,ampere,06A630E2198277238FE896F6F10B07C53E4827D2,510,Fast Running Stable V2Dir Valid,No,No,No
185.243.218.110,NO,bauruine,06A64BF11983B8323FF7EEDCE5C35A0543523B54,17000,Exit Fast Guard HSDir Running Stable V2Dir Valid,No,No,Yes
77.68.94.106,GB,r,06BBEAA6F73759A1795EB461D39D2AA168F305D1,27000,Fast Guard HSDir Running Stable V2Dir Valid,Yes,Yes,No
94.23.247.42,FR,wien,06E72526BBE040C51C5ADFBAA07ADD9AEB5E1FA1,34000,Fast Guard HSDir Running Stable V2Dir Valid,Yes,Yes,No
23.82.136.14,US,spsnowflake,06FA520E5E79D7587AFC956918FFB5D6F6C1CD2E,47000,Fast Guard HSDir Running Stable V2Dir Valid,Yes,Yes,No
94.130.10.251,DE,thorgodofhunger,0704062FB9A5A5659361A0B8F42B88B6419A1B44,7000,Fast Guard HSDir Running Stable V2Dir Valid,Yes,Yes,No
93.90.194.106,GB,addax,070673739A5470C6042A27CF44B02EF6A46B3D98,40000,Fast Guard HSDir Running Stable V2Dir Valid,Yes,Yes,No
51.68.155.201,PL,panoptykon,070B16450940F00B3A1C88C1AD71EB20B6C61A72,1600,Fast HSDir Running Stable V2Dir Valid,No,No,No
23.128.248.15,US,StormyCloud,071142126CED7AAE65D625CAD2EAE21D1B770B8C,31000,Exit Fast Guard Running Stable V2Dir Valid,No,No,Yes
81.16.19.39,DE,Elenore,0711B720628A84B14D42107FB8C954EF699B3833,3200,Fast Guard HSDir Running Stable V2Dir Valid,Yes,Yes,No
91.121.147.65,FR,LaTlayuda,071288B2182711E5284248137048E0FBBFB36233,98,Fast Running Valid,No,No,No
185.100.87.250,RO,artikel10buc02,072E2883854ADA0C6B0FC1497544E529D9FD8373,18000,Exit Fast Running Stable Valid,No,No,Yes
37.9.168.146,SK,stationXMR,0736048C8AEA3BB13DBB1007FB90D117107F5C9F,18000,Fast Running Stable Valid,No,No,No
93.99.255.254,CZ,Unnamed,074B20C33D4A03453FB19A8535CDCE1352658A56,33000,Fast Guard Running Stable V2Dir Valid,Yes,Yes,No
192.42.116.176,,NTH24R5,077C4A89A06F9560CED75BEF751BA2334378C3A3,21000,Exit Fast Running Stable Valid,No,No,Yes
95.216.195.161,FI,torrelay8428546,07816F5EF2E310139C2AF386E6E86BCFDCABFFAB,13000,Fast Running Stable Valid,No,No,No
188.214.30.66,RO,pleaseWhonixDonate,079D5A36084F1E9484934A6BEC922551B30F4300,1800,Fast Guard HSDir Running Stable V2Dir Valid,Yes,Yes,No
109.70.100.6,AT,Unnamed,079D94BAC901D49F579FD860EB58D0CD660B22F4,19000,Exit Fast Running Stable Valid,No,No,Yes
88.99.104.83,DE,mistersixt2,079E117E0B808484646CA7715F52F6FFC831EF8F,94,Running Stable Valid,No,No,No
185.129.62.63,DK,kramse02,07ACFB0801E4F74F5610F870B5FCBB5539DBCBD1,42000,Exit Fast Guard HSDir Running Stable V2Dir Valid,No,No,Yes
94.16.114.231,AT,debiansRelayTor,07B578A84E8E76FA75915B91E31B6E50E7FDDC90,1200,Fast HSDir Running Stable V2Dir Valid,No,No,No
85.91.153.163,BG,homeplanet,07B8FC5B66719C355FABF84B4F5E0131E127DF01,550,Fast Running V2Dir Valid,No,No,No
185.177.151.42,DE,WolfClay,07C3EBBE41DF9FE8551DF69642FEBA70E954DC0F,4800,Fast Guard HSDir Running Stable V2Dir Valid,Yes,Yes,No
192.42.116.189,,NTH37R3,07C76EC5CC5CFDA80DE3082BC2F007105E2FC2EE,16000,Exit Fast Guard Running Stable V2Dir Valid,No,No,Yes
82.165.34.36,DE,versed01,07D4BC4DF4E56D4483ED95AF3800153D1CC21365,7,Running Stable V2Dir Valid,No,No,No
45.138.16.94,PL,RDPdotSH,07DA591E5BB420E5D6460EF146EF6A8776EF6BA5,33000,Fast Guard HSDir Running Stable V2Dir Valid,Yes,Yes,No
194.26.192.77,NL,Quetzalcoatl,07DCECDF04BE5D470C615C8E1CCF086F74FC8CA6,5600,Exit Fast Guard HSDir Running Stable V2Dir Valid,No,No,Yes
78.138.98.42,FR,RiggsOceanlock,07F0E652E4CCB0A0F1E88D0046ECB322E6318C86,54000,Fast Guard HSDir Running Stable V2Dir Valid,Yes,Yes,No
45.141.215.6,PL,RDPdotSH,07F36013DA05C1201A3463A8917A631B0217D098,25000,Fast HSDir Running Stable V2Dir Valid,No,No,No
165.227.204.43,US,tn4,07F7D353120B9D62FA2894F50E877F06E0A0313C,640,Fast HSDir Running Stable V2Dir Valid,No,No,No
185.241.208.206,PL,Aramis,0806B64E53BD3ED2F0BDB5EED8DBF81DF331F45A,15000,Exit Fast Guard Running Stable V2Dir Valid,No,No,Yes
80.66.135.123,BE,TheGreatKing,0824D7C7FB117D5C6AC01581FD798E670C37C804,20000,Fast Guard HSDir Running Stable V2Dir Valid,Yes,Yes,No
185.56.171.94,IT,pengy,08394C4873C8A71BE9F53593F9B4AD694BFCDB90,16000,Exit Fast Guard HSDir Running Stable V2Dir Valid,No,No,Yes
23.128.248.17,US,StormyCloud,0839A0BAF9D036B18D1F266294BB7788D3D17432,21000,Exit Fast Guard HSDir Running Stable V2Dir Valid,No,No,Yes
185.189.12.192,RU,ZmeyDor,083B2F9443CF17F4A961D0530D56822A851D94A8,5700,Fast Running V2Dir Valid,No,No,No
212.227.165.251,DE,NAKAM,083C52051140DB8AF770BD40C7C8883EFFF4CAF3,19000,Fast Guard HSDir Running Stable V2Dir Valid,Yes,Yes,No
161.35.169.253,GB,visaATOR,083D8B7B6DE7FF341EFC058CBF99D28601BFAF1F,300,Fast HSDir Running Stable V2Dir Valid,No,No,No
107.174.244.24,US,voxpopuli,08454865528EAB61B4FF5602D6A73DFBBCCE626A,7200,Fast Running Valid,No,No,No
217.160.150.88,DE,theactualNSA,0853576E12BA9CD473254FAFF820BD4699E22077,5700,Fast Guard Running Stable V2Dir Valid,Yes,Yes,No
68.171.179.124,US,pastly01,085527CBD6485FD475AC983FA8683A2D9028BAA8,13000,Fast Guard HSDir Running Stable V2Dir Valid,Yes,Yes,No
185.241.208.236,PL,Quetzalcoatl,0863252662246FFF6914F380711C75DC4027BD75,7600,Exit Fast Guard HSDir Running Stable V2Dir Valid,No,No,Yes
5.255.88.102,NL,Unnamed,08673A8132DC43D23462AE5F983A9B12ED51C00B,20,Running Stable V2Dir Valid,No,No,No
176.58.121.159,GB,8lyWARGTU4wesrfy8i,0882440874034AFBE2FBF16463A290F3278E24F7,140,Fast HSDir Running Stable V2Dir Valid,No,No,No
185.220.101.160,DE,relayon0160,08833C7AB1DA2D72773F41A85FB1DD5062EF4E63,8200,Exit Fast Guard Running Stable V2Dir Valid,No,No,Yes
176.9.40.67,DE,Unnamed,088A6237EED87EDEB0E1E3AD0A4A419F963F0787,33000,Fast Guard HSDir Running Stable V2Dir Valid,Yes,Yes,No
149.202.79.101,FR,staywokewokestay,08A3FB66552432ED6E4E2A26868A933FBA28180C,30000,Exit Fast Guard HSDir Running Stable V2Dir Valid,No,No,Yes
160.251.7.80,JP,Gensokyo,08AE8AE37FDA0F44559D93DE9B071BB04BA71D32,210,Fast HSDir Running Stable V2Dir Valid,No,No,No
5.255.101.131,NL,annatesla,08B4888A6566F6BC5363423862F48529420AB9F7,2500,Exit Fast Running Stable Valid,No,No,Yes
207.246.71.148,US,thebestguard,08B9D6BA5B0E544ED1094A862130A9386CCE682C,2900,Fast Guard HSDir Running Stable V2Dir Valid,Yes,Yes,No
31.208.244.155,SE,Atorgrabb,08CA70F920EF3437510348EE6B30D037F475882B,7300,Fast Running V2Dir Valid,No,No,No
195.123.212.113,LV,RigaLatvia,08CD9D4224058DC97A1F27679A5BEE5724C4C6EC,2100,Fast Guard HSDir Running Stable V2Dir Valid,Yes,Yes,No
195.176.3.20,CH,DigiGesTor4e4,08CE3DBFDAA27DB6C044A677AF68D7235C2AFC85,29000,Exit Fast Guard HSDir Running Stable V2Dir Valid,No,No,Yes
185.220.101.18,DE,artikel10ber69,08D62283728A0E004F9B893B71BB24C70AF52A74,16000,Exit Fast Running Stable Valid,No,No,Yes
37.35.107.238,CH,rs1,08DE6297E89BF0827126189FFB7521863977A6AB,58,Running Stable V2Dir Valid,No,No,No
2.56.98.134,DE,ZynfulRelay,08E64079B97D9BA990A2DCAC105F9BBC3B2AE276,11000,Fast Guard Running Stable V2Dir Valid,Yes,Yes,No
51.15.182.104,FR,neartAurora,08F4692B60862640F688B86826B66F30DEA7AB73,12000,Fast Guard HSDir Running Stable V2Dir Valid,Yes,Yes,No
89.58.5.0,DE,TorRelay2b,08F90650CE12758841FBB3453EDDD2F9338BE5BC,28000,Fast Guard HSDir Running Stable V2Dir Valid,Yes,Yes,No
205.185.124.4,US,MrRage,08F9C1C4B883ACAE866CE1D911BDED5627FE9B10,39,Exit Running Stable V2Dir Valid,No,No,Yes
80.129.26.164,DE,Unnamed,08FE27F74EC48B4D7667EBFAF654E5151B9924F1,250,Fast Running V2Dir Valid,No,No,No
51.68.53.75,FR,prsv,090512058FD58F6AEB2021947BF493938F2DC55D,50000,Fast Running Stable V2Dir Valid,No,No,No
54.39.234.91,CA,bhsdztorrl02,090B83BA95A7E2D615D6799EFD757DE2DDC7D0FE,17000,Fast Guard Running Stable V2Dir Valid,Yes,Yes,No
151.115.79.119,PL,tirz,0915FDC60CE122A08234A1DC6E6A8A51F0E5D26F,24000,Fast Guard Running Stable V2Dir Valid,Yes,Yes,No
185.207.107.98,DE,diamond,0935A9EBED2FE9DF3B145747C86061617CE04CFB,20000,Fast Guard HSDir Running Stable V2Dir Valid,Yes,Yes,No
5.9.14.30,DE,TorHet3,0947B12441F69611D7DF7FA94D9188F7AA2B79FF,26000,Fast Guard HSDir Running Stable V2Dir Valid,Yes,Yes,No
31.14.252.98,RO,TheKid2,094B8640B020BECC2AF842173EA06276CA67B08F,30000,Fast Guard HSDir Running Stable V2Dir Valid,Yes,Yes,No
170.64.153.123,AU,tetrator,094F7556A5F07F5662C9E4EFA6CD9D41A2D5B29F,830,Fast Running Stable V2Dir Valid,No,No,No
45.141.215.169,PL,Quetzalcoatl,09768BD9ACA211008713BA481E0B8EE3239A9F0B,9800,Exit Fast Guard HSDir Running Stable V2Dir Valid,No,No,Yes
93.95.231.110,IS,MetalsAU,097D8390A998FBEBDBDA80BAC7D86F8AE606E4A6,15000,Fast Guard HSDir Running Stable V2Dir Valid,Yes,Yes,No
193.168.143.129,RO,blackbox,098AAE29699D0855F8153948CD399594B7368B99,4800,Exit Fast Guard HSDir Running Stable V2Dir Valid,No,No,Yes
91.47.218.200,DE,tourette,098D9CF7568D27A8288FA4BB3819A99913315D6E,780,Fast HSDir Running Stable V2Dir Valid,No,No,No
199.195.250.165,US,Quetzalcoatl,098F98538A21A16332E8C4B724305C2A3496A467,35000,Exit Fast Guard HSDir Running Stable V2Dir Valid,No,No,Yes
139.162.123.5,JP,Anankke,0990E0F4F2C127BDDA9B6726400FAC077F6C83B0,810,Fast HSDir Running Stable V2Dir Valid,No,No,No
192.42.116.179,,NTH27R5,099B9AE1A6598017462F5C0EBD78B15FCAC27D56,15000,Exit Fast Running Stable Valid,No,No,Yes
23.155.24.6,US,OnionPS17,09A308A13D6EF30FD737D8A396F6B712C28EA61C,8800,Exit Fast Guard Running Stable V2Dir Valid,No,No,Yes
109.228.53.235,GB,Deepsky,09A70E396DE93F54D4541BBB0EC8E2B23761F34F,25000,Fast Guard HSDir Running Stable V2Dir Valid,Yes,Yes,No
74.208.182.78,US,Unnamed,09AF5C7A59852EF44FF56D30C01D5F412FD19786,25000,Fast Guard Running Stable V2Dir Valid,Yes,Yes,No
185.220.101.151,DE,relayon1151,09B6011F28CEE6B33F9E5DCAF024B94D07767DB5,8800,Exit Fast Guard Running Stable V2Dir Valid,No,No,Yes
89.58.33.214,DE,zwiebelfoo2,09BFE6A362D2CE435C45F99B56171B6DA486D0F1,14000,Fast Guard HSDir Running Stable V2Dir Valid,Yes,Yes,No
107.189.8.133,LU,Quetzalcoatl,09CA1957EC0671044DAD2EEA282A348FFD7D271E,24000,Exit Fast Guard HSDir Running Stable V2Dir Valid,No,No,Yes
23.129.64.130,US,ageis,09DCA3360179C6C8A5A20DDDE1C54662965EF1BA,13000,Exit Fast Guard HSDir Running Stable V2Dir Valid,No,No,Yes
91.219.29.94,UA,Unnamed,09E0BD68FBAEB7C10107DE67624D25B007FF26A2,470,Fast HSDir Running Stable V2Dir Valid,No,No,No
192.42.116.212,,NTH15R2,09E5621C0D7400FC18EF137A679F7FEB78F8650C,29000,Exit Fast Running Stable Valid,No,No,Yes
144.76.104.119,DE,waxcs4edb69m7yh,09E59CBD300AE3FD73577A68050739E89E617070,140,Fast HSDir Running Stable V2Dir Valid,No,No,No
185.82.127.135,LV,GuchenRelay,09EF7175E3CAF6D6D2994B7BBA92E3D2B66BECEE,14000,Fast Guard Running Stable V2Dir Valid,Yes,Yes,No
185.163.45.253,MD,torrelay,09F1936587D5A82ABCD79B11599C044E72C13840,7300,Fast Guard HSDir Running Stable V2Dir Valid,Yes,Yes,No
135.148.149.23,US,Lamia3,09F4736B37FA72AC7399F71F917F895D3CF22685,25000,Fast Guard Running Stable V2Dir Valid,Yes,Yes,No
98.115.87.163,US,Hermes,09F64E00F34C88F604163F24D37BEAF9245702EA,26000,Fast Guard HSDir Running Stable V2Dir Valid,Yes,Yes,No
51.89.106.29,GB,chinachinachina,09F9CD95B472256DFDFF666A0CFD82A3F3CE3514,69000,Fast Guard HSDir Running Stable V2Dir Valid,Yes,Yes,No
185.163.204.78,HU,TheTwinkleStar,09FEBDF9C8A397889FA55AFD6BC98C6AA6303772,22000,BadExit Fast MiddleOnly Running Stable Valid,No,Yes,No
120.156.165.209,AU,Archaea,09FEF01D8347195D5FE7984F253589004202210B,230,Fast Running V2Dir Valid,No,No,No
185.220.101.131,DE,relayon1131,0A03D9BD30A87D6A823B9031CB12AF01E08A75C4,13000,Exit Fast Guard Running Stable V2Dir Valid,No,No,Yes
185.198.26.149,US,portnoy,0A0C01DD0044E70318D9E3DA5F125A09069C57C1,5900,Fast Guard HSDir Running Stable V2Dir Valid,Yes,Yes,No
107.189.30.69,LU,luxvptorex,0A11C7546A1332412D1EBD13BD4C3D6A6644D7E0,35000,Exit Fast Running Stable V2Dir Valid,No,No,Yes
83.0.60.229,PL,Anaconda2,0A1754593C3DBF5B5B35C04D608E37F28256B35F,5100,Fast Guard HSDir Running Stable V2Dir Valid,Yes,Yes,No
104.168.32.140,US,weedpussy420,0A180D2D5E2F4925DE30E7DE7B822FAF672A4AAC,11000,BadExit Exit Fast Guard Running Stable V2Dir Valid,No,No,Yes
23.128.248.24,US,StormyCloud,0A1E53DE85CD8151E7F842B371B762DB72D9EB9A,18000,Exit Fast Guard HSDir Running Stable V2Dir Valid,No,No,Yes
63.227.116.162,US,Tor4tahfahce,0A2151C0492B8A17FD03ED40598627A7027AE39B,44000,Fast Guard Running Stable V2Dir Valid,Yes,Yes,No
185.220.102.242,DE,Digitalcourage4ipca,0A2366980A2842D770EF8E136A7DA14876360447,19000,Exit Fast Guard Running Stable V2Dir Valid,No,No,Yes
5.34.176.184,SG,hondoyouknowwho4,0A349CD59F9EB7198E6C63F59148821EB9F04F63,590,Fast HSDir Running Stable V2Dir Valid,No,No,No
193.35.18.94,NL,prsv,0A34DD9E68ABCEDB64B2D9C07E07BB0357A933D6,3600,Exit Fast Running Stable V2Dir Valid,No,No,Yes
45.141.215.56,PL,Quetzalcoatl,0A3AAF530747D7034DBF88C518033A22827E3C46,15000,Exit Fast Guard Running Stable V2Dir Valid,No,No,Yes
192.42.116.178,,NTH26R5,0A42ECB653FD85D9517C21731D941BE0A3659E34,23000,Exit Fast Running Stable Valid,No,No,Yes
130.61.125.241,DE,FlashEel,0A5000E5FF2977E0D236B9F5B47590D8888494DF,5700,Fast Guard HSDir Running Stable V2Dir Valid,Yes,Yes,No
185.220.101.143,DE,relayon0143,0A5190C5AD66136F801314006F2FC58750A38CD3,6000,Exit Fast Guard Running Stable V2Dir Valid,No,No,Yes
45.83.234.114,NL,arighttosurf,0A6001B1E3A9F5365BD3C2988BD69BB8EAD71289,1100,Fast Running Stable V2Dir Valid,No,No,No
45.61.184.227,US,Quetzalcoatl,0A76C0A0A721DDBC324B705ADBFC95FD806AE855,12000,Exit Fast Guard HSDir Running Stable V2Dir Valid,No,No,Yes
176.123.4.96,MD,TorMo1,0A8A7FCA7B87D7DA66609AA5574983D86AE31FB8,1800,Fast Running Valid,No,No,No
193.142.146.239,DE,bu11seye,0A8FB5E28FFE1DB020F2E37410B25ACA7367D8E9,38000,Fast Guard HSDir Running Stable V2Dir Valid,Yes,Yes,No
5.252.178.224,RO,pinnacle,0ABC1EBFF50C8A58279AD07FBD73E183F9E00B86,8100,Fast Guard HSDir Running Stable V2Dir Valid,Yes,Yes,No
194.87.218.156,RU,CreateCryptoEcoSys,0ABC3F653C14CFFA4D50E92267C50EEEBCAE09E2,490,Fast Running Stable Valid,No,No,No
164.132.226.30,FR,PieroV,0AC3C86BC9CA2A50C7762EF42ABC6D37575ACFFB,6600,Fast Guard HSDir Running Stable V2Dir Valid,Yes,Yes,No
91.245.255.87,HK,tinaTOR,0AC3E8D9FD63EC3E47738C0CBA77C3C581A50935,830,Fast Running Stable Valid,No,No,No
5.9.14.25,DE,TorHet2,0ACF5BB9E37D33577F6C1AA9DEEB6E7EDDF8D2C0,29000,Fast Guard HSDir Running Stable V2Dir Valid,Yes,Yes,No
91.193.19.159,US,SneezeRelay2,0AD724317BA49C8C260AD010043460F5EF8917DD,5200,Fast HSDir Running Stable V2Dir Valid,No,No,No
135.125.235.11,TR,DarmaninLeZadiste,0ADF422DAF007D183A504D4F96F9058496555985,30000,Fast Guard HSDir Running Stable V2Dir Valid,Yes,Yes,No
108.34.248.88,US,vanaheim,0ADF4982A6231ECD6D04170435BFB4C0E4CADF5B,20,Running Stable V2Dir Valid,No,No,No
103.214.6.12,NL,GandalfWGTR,0AED43258BE056AC225A56B55CE7F8AA35025C95,14000,Fast Guard HSDir Running Stable V2Dir Valid,Yes,Yes,No
107.189.4.23,LU,Quetzalcoatl,0AF982CC71A01D95E8959D763D0EC0E5A6C61244,31000,Exit Fast Guard HSDir Running Stable V2Dir Valid,No,No,Yes
95.216.27.105,FI,Ranlvor,0B45375A2CE8065E8A649D52CC35F39D128745A8,6000,Fast Guard HSDir Running Stable V2Dir Valid,Yes,Yes,No
65.108.253.128,FI,l0z3rzb3d4m3d,0B53BF919B9A01ED62ED10E51292ACA50DDB10EB,15000,Fast Guard HSDir Running Stable V2Dir Valid,Yes,Yes,No
116.202.169.25,DE,ChuckNorris,0B57F16BF9647788CD67BF04607A5F6A89CCB851,48000,Fast Guard HSDir Running Stable V2Dir Valid,Yes,Yes,No
141.145.206.8,FR,RandomSnowflake1473,0B5B8E679E70C7E0465E541EEF3013082B4880E0,4100,Fast Guard HSDir Running Stable V2Dir Valid,Yes,Yes,No
207.32.217.165,US,Quetzalcoatl,0B5BC76B3BE7553B229FD3E73F26AED41C31DD19,5900,Exit Fast Guard HSDir Running Stable V2Dir Valid,No,No,Yes
192.42.116.192,,NTH2R7,0B5D8AB5DAD8D7AAC1BFFD98DBA4BEC3D85DB2DB,1,Exit Running Valid,No,No,Yes
162.247.74.216,US,CalyxInstitute08,0B5E5E70FFEA9C7F9FFD13B8E16916A608F3E9EB,29000,Exit Fast Guard HSDir Running Stable V2Dir Valid,No,No,Yes
193.35.18.128,NL,prsv,0B5FB0C4C22166ADE6CB500F08BB5DCD364A12FC,7000,Exit Fast Running V2Dir Valid,No,No,Yes
213.47.199.88,AT,Fabmann,0B75178A38D13501A8C1F21F06C892D695A1BE8B,210,Fast HSDir Running Stable V2Dir Valid,No,No,No
64.226.102.91,DE,ATORberlin,0B76725D5C6AEDEF9708BF2E99222ACDC491BF5E,320,Fast HSDir Running Stable V2Dir Valid,No,No,No
151.81.41.115,IT,purplewineglass,0B86BBFD5CFAE808670A16AA77D75B7A406CA871,19000,Fast Guard Running Stable V2Dir Valid,Yes,Yes,No
152.86.13.25,US,NorthMSRelayFast,0B877B9A2D2B0F5C5776091DEE887ABEA9D25DC4,37000,Fast Guard HSDir Running Stable V2Dir Valid,Yes,Yes,No
185.177.229.15,DE,Doedelkiste70,0B888583EDB73862F444F2224F5C411DA4F7E9FE,26000,Fast Running V2Dir Valid,No,No,No
45.138.16.222,PL,Quetzalcoatl,0B8EF5F5016926F4245350FB37914E30BF36C528,9300,Exit Fast Guard HSDir Running Stable V2Dir Valid,No,No,Yes
109.70.100.66,AT,suesslupine,0B946CCC4CFA8DCE61B9B4076DF91B25695B24EE,28000,Exit Fast Running Stable Valid,No,No,Yes
185.220.101.7,DE,artikel10ber27,0BA1C8F26AFAD3FAEF3B6A228F97382D115027B9,19000,Exit Fast Running Stable Valid,No,No,Yes
207.180.192.66,DE,tdxchg,0BA30A3D11B73F95D1447CC9B35BE5F0681D5A1C,26,Running Stable V2Dir Valid,No,No,No
14.9.101.224,JP,Unnamed,0BA446CDA4DBFD7BDC235926456512ADF1B20BD0,1200,Fast Running Stable Valid,No,No,No
138.59.18.106,CR,Albis,0BADD9510440C9BF3A728F2CB630836FF98142B2,4300,Fast Guard HSDir Running Stable V2Dir Valid,Yes,Yes,No
149.172.106.14,DE,DntBrickDemortcracy,0BBA78A08B235A085D26D1455621E8CF597170DD,360,Fast Running Stable V2Dir Valid,No,No,No
185.220.101.146,DE,relayon0146,0BC18296CD449ECC49EA3F37C2640D72AF4D710F,5200,Exit Fast Guard Running Stable V2Dir Valid,No,No,Yes
87.118.116.90,DE,artikel5ev1,0BC8BA32CC3CB0F598E0C92778F7C0946DFBCE91,6400,Exit Fast Guard HSDir Running Stable V2Dir Valid,No,No,Yes
107.174.121.173,US,vanities,0BD3360E82A5CEEF9F9B7C696FFF6C5F9DD18FCA,60,Running Stable V2Dir Valid,No,No,No
178.63.68.78,DE,quark,0BD744C4674FFB60CD1F2A6E877B02F7BE4558B5,160,Fast HSDir Running Stable V2Dir Valid,No,No,No
62.141.48.175,DE,dc6jgk6b,0BE2C6C8FDCB96AF65803D3CEE49214D619FC542,1200,Fast HSDir Running Stable V2Dir Valid,No,No,No
174.162.181.9,US,Dagoth,0BEC860C45F69F047084DFEAFB7E7AD68A06278B,2500,Fast Guard HSDir Running Stable V2Dir Valid,Yes,Yes,No
192.119.108.114,US,spider,0BF171D0984EEF35B9ED9D7801941C833DD3853B,32000,Fast Guard HSDir Running Stable V2Dir Valid,Yes,Yes,No
107.189.4.83,LU,abiogenesis,0BF5A8F862D22B449335774017AC840A04FF2760,17000,BadExit Fast MiddleOnly Running Stable Valid,No,Yes,No
86.127.196.227,RO,0x766c6164,0BF606DE836D4C794CAFF7CA78720F8C87660998,14000,Fast Guard HSDir Running Stable V2Dir Valid,Yes,Yes,No
5.200.21.144,NL,libel,0C039F35C2E40DCB71CD8A07E97C7FD7787D42D6,15000,Fast Guard Running Stable V2Dir Valid,Yes,Yes,No
185.100.85.23,RO,artikel10buc61,0C2B1F01F5A80E24984503BD21B49948BF3D1F3A,8400,Exit Fast Running Stable Valid,No,No,Yes
185.220.103.112,US,psychopomp0,0C3235191FCA972C7457477ABC207A9FFEC818C5,48000,Fast Guard HSDir Running Stable V2Dir Valid,Yes,Yes,No
95.216.13.120,FI,lancelot,0C36AE99B744E32088C9ED23D7A31F8D23AE1A58,42000,Fast Guard HSDir Running Stable V2Dir Valid,Yes,Yes,No
65.108.3.114,FI,HORUS1,0C3D5E19E3C75B505C8ACD26F89DCA2DF970553E,44000,Fast Guard HSDir Running Stable V2Dir Valid,Yes,Yes,No
81.7.18.7,DE,Freebird32,0C475BA4D3AA3C289B716F95954CAD616E50C4E5,19000,Fast Guard Running Stable V2Dir Valid,Yes,Yes,No
193.35.18.61,NL,prsv,0C4BB8C3CFDB01CD31395C60DC171FCB24F19C3D,8700,Exit Fast Guard Running Stable V2Dir Valid,No,No,Yes
45.77.136.58,NL,marlonbrando,0C4D7C61271C32DFBD0DF4A0296E4CE1BA2E952A,570,Fast Running Valid,No,No,No
95.164.44.97,IE,MoneroBestMoney,0C58C26642B441143A79B1792F9F6AB4E9688528,230,Fast Running Valid,No,No,No
38.154.239.250,US,bruxa,0C5CFD7CC30251555AC3A8B2F87E523430477FB1,120000,Fast Guard HSDir Running Stable V2Dir Valid,Yes,Yes,No
23.129.64.147,US,Halo3Valhalla,0C6842CCF836DE08EFEA0BD6C1471AE3463B9B71,8600,Exit Fast Guard HSDir Running Stable V2Dir Valid,No,No,Yes
91.47.32.252,DE,RMB1,0C6DDE3F9FC377A5E69DC044E81C857277148D71,2000,Fast HSDir Running Stable V2Dir Valid,No,No,No
109.70.100.68,AT,wolf,0C711E6B46647C17998262CB86F18B54B8A187DD,22000,Exit Fast Running Stable Valid,No,No,Yes
89.147.111.124,IS,enterthevoid,0C8F681ED2E2E4DA5525AA11416E970B7158CACB,8200,Exit Fast HSDir Running Stable V2Dir Valid,No,No,Yes
5.75.249.160,DE,nsaPwned,0C9B3C686421C5A8C20BAA0D7369CD929F43A174,7900,Fast Guard HSDir Running Stable V2Dir Valid,Yes,Yes,No
185.220.101.5,DE,artikel10ber19,0CA1B6BC906E5DD6F4CFE322B4BEFE7A17D42D52,25000,Exit Fast Running Stable Valid,No,No,Yes
85.195.253.142,CH,lodrich2,0CA3F4D95BCF24964FC4623588A3F17E2EE216DE,29000,Fast Guard HSDir Running Stable V2Dir Valid,Yes,Yes,No
185.239.222.241,SE,BM02,0CA98ADB618B4D823CCBE1DF6602D94DAFE11CD6,16000,Fast Guard HSDir Running Stable V2Dir Valid,Yes,Yes,No
51.38.110.234,FR,cray,0CAA2E9044A86B11915C413B5A0911DF29E9A1AC,48000,Fast Guard HSDir Running Stable V2Dir Valid,Yes,Yes,No
198.251.84.99,LU,Polyphemus,0CABED9159F1E4BE82879F5A34ED8D7349E931BD,18000,Exit Fast Guard Running Stable V2Dir Valid,No,No,Yes
185.100.85.22,RO,artikel10buc52,0CAD7A23F113F9E0AC728855FC9ADF8FAEE56C31,6400,Exit Fast Running Stable Valid,No,No,Yes
107.189.10.86,LU,TheSecondRelay,0CADF9650BE6F3CB6A09F29D8B91250D93DD91E6,510,Fast HSDir Running Stable V2Dir Valid,No,No,No
86.123.52.188,RO,mgvx,0CAFFFE470E88AF156D6750B616995B3790F24EF,460,Fast Running Stable V2Dir Valid,No,No,No
185.189.149.243,CH,Unnamed,0CB71F3C1CE31F99EA0187A53155548B34948296,21,Running Stable V2Dir Valid,No,No,No
172.105.242.117,JP,BESTIOMONDE,0CBC3FC6CC863ECCF367616D5495E53A8613B5CC,670,Fast HSDir Running Stable V2Dir Valid,No,No,No
37.120.165.175,DE,WurstRelay,0CC9264836EF01407B4934D06B6CD537D441A62A,2300,Fast Guard HSDir Running Stable V2Dir Valid,Yes,Yes,No
107.189.8.56,LU,Quetzalcoatl,0CD666F9C9A40A8CFB1E6B9465597A51D3A1CBF8,14000,Exit Fast Guard HSDir Running Stable V2Dir Valid,No,No,Yes
213.163.70.234,NL,TheLoneGunmen,0CDCFB0B6E1500E57BDD7F240543EBAEF81C11CA,28000,Fast Guard HSDir Running Stable V2Dir Valid,Yes,Yes,No
185.225.17.105,RO,comedy,0CF2F07FF0581EBBCCDF209E655694358A98D816,7900,Fast Guard HSDir Running Stable V2Dir Valid,Yes,Yes,No
45.141.215.200,PL,Quetzalcoatl,0CF48696F004482C445D875BE376A58E3D660497,13000,Exit Fast Guard HSDir Running Stable V2Dir Valid,No,No,Yes
38.242.249.123,DE,Unnamed,0CFB54C08D05A4D9A79823A45D67833132F24254,510,Fast HSDir Running Stable V2Dir Valid,No,No,No
94.23.248.158,FR,mef,0CFC3C013E3C49587843796106C5E3AD093F55FE,42,Running Stable V2Dir Valid,No,No,No
78.31.64.240,DE,AntifaeVVPS,0D0A990DD934B142E140C5ED21F3A8CF86580C84,5700,Fast Guard HSDir Running Stable V2Dir Valid,Yes,Yes,No
109.70.100.4,AT,kohlrabi,0D12D8E72DED99EE31BB0C57789352BED0CEEEFF,18000,Exit Fast Running Stable Valid,No,No,Yes
65.39.97.13,US,TorNodeAlpha,0D1AD0392583CBC22B5F712165D9D752D35F0699,9200,Fast Guard HSDir Running Stable V2Dir Valid,Yes,Yes,No
51.254.96.208,FR,rofltor01,0D2D4B1D27468806BB1EDFB02715EEE91E1AB94E,17000,Fast Guard Running Stable V2Dir Valid,Yes,Yes,No
195.176.3.20,CH,DigiGesTor4e3,0D2DE242ADA0ED77325E3AEE3A9D8C5CD07C2CF3,20000,Exit Fast Guard HSDir Running Stable V2Dir Valid,No,No,Yes
76.10.157.54,CA,Unnamed,0D30F5C8E8702B98A7CC05F5E8557697267EC5A5,260,Fast HSDir Running Stable V2Dir Valid,No,No,No
185.220.101.30,DE,artikel10ber119,0D39909B37AAC2BC742305EE72DF1F0FD187D4EE,28000,Exit Fast Running Stable Valid,No,No,Yes
74.208.142.142,US,Slayernode,0D3F93B10B3C297AB0CAFB704750442589DCB3E7,30000,Fast Guard Running Stable V2Dir Valid,Yes,Yes,No
194.156.98.73,HK,FastMonero,0D41D71491AC3BC868D8F1CED00DD57D83D89B16,160,Fast Running Stable Valid,No,No,No
192.42.116.202,,NTH39R2,0D6A6F948FDBD8BBE8D4EC8FED9471C52289FFCE,22000,Exit Fast Running Stable Valid,No,No,Yes
45.92.33.62,GR,Indigo,0D6CD875B60B762F4F65F8685BD0E39F9886340F,32000,Fast Guard HSDir Running Stable V2Dir Valid,Yes,Yes,No
2.58.56.43,NL,Quetzalcoatl,0D7661A33EB9CA44BEC3109DBEC7F9C5E8ABFB02,9500,Exit Fast Guard HSDir Running Stable V2Dir Valid,No,No,Yes
58.107.82.46,AU,Starlight,0D8877392F2FF5AD8D8E5BC438087F02EF97B904,74,Running Stable V2Dir Valid,No,No,No
51.158.230.172,FR,tirz,0D962170FBB3837E85E2314EEAAC49966A153F34,27000,Fast Running Stable V2Dir Valid,No,No,No
171.25.193.20,SE,DFRI13,0D967EACE42448A08E244366DF753BBFF611EB37,13000,Exit Fast Guard Running Stable V2Dir Valid,No,No,Yes
192.42.116.197,,NTH7R8,0D99D243BEFBBEBC8673437CE3C1B0EFF539131D,1,Exit Running Valid,No,No,Yes
172.81.131.110,US,BBTorExit1,0DA306A1AFD2C4A57283341108DEDFBFCA017C39,520,Exit Fast Running Stable V2Dir Valid,No,No,Yes
69.46.10.138,US,yellowumbrella,0DB3CBD044BB86AD5277C5629338EC0DF57C8F87,50000,Fast Guard HSDir Running Stable V2Dir Valid,Yes,Yes,No
185.163.46.83,MD,MayJahRayJaH,0DB4B91C526F163F480A394DACD8846BF9875A67,9100,Fast Guard HSDir Running Stable V2Dir Valid,Yes,Yes,No
141.255.161.167,CH,avdjusko,0DD04EF0B081BBFDE3082D4ECC8A63FD0022FCAF,3400,Fast Guard HSDir Running Stable V2Dir Valid,Yes,Yes,No
185.220.101.163,DE,relayon1163,0DD07B1EFA94B107A6643F06C09756C581A27873,8900,Exit Fast Guard Running Stable V2Dir Valid,No,No,Yes
192.42.116.176,,NTH24R1,0DE135A4D0ECCB5D57F8B71BF8E22958FC4146A7,31000,Exit Fast Running Stable Valid,No,No,Yes
146.19.168.223,FR,prsv,0DEA75209E2390D75F813DE94162324FDF788473,27000,Fast Guard Running Stable V2Dir Valid,Yes,Yes,No
85.204.116.239,RO,hogman4,0DF4CB956237DB411A19DF0935B322F75E69533D,4000,Exit Fast Running Stable V2Dir Valid,No,No,Yes
185.112.147.10,IS,orion01,0E0AF3656F3F7914752E013C10E7F46C651BA820,11000,Exit Fast Guard HSDir Running Stable V2Dir Valid,No,No,Yes
136.33.152.224,US,unicron4687,0E0CE3689523965E9E15B603E43B636678FD2432,15000,Fast Guard HSDir Running Stable V2Dir Valid,Yes,Yes,No
192.99.35.83,CA,BloodAndIron,0E0DF8C1D9D0F290E94CA675A46B5FC96B6AFF53,510,Fast HSDir Running Stable V2Dir Valid,No,No,No
107.189.12.88,LU,4951503179209312,0E23008F00FECE35AAD3106B437C93025F51FE95,4800,Exit Fast Guard HSDir Running Stable V2Dir Valid,No,No,Yes
103.251.167.20,NL,mentoreth2,0E29222CA653CE4F94FDBF8DF16D2597D473EC74,25000,Exit Fast Guard HSDir Running Stable V2Dir Valid,No,No,Yes
162.55.58.248,DE,Nako,0E2EEC125A6AC8D5EBF5DB36B776A3DA5510E7A0,7900,Fast Guard HSDir Running Stable V2Dir Valid,Yes,Yes,No
5.189.134.99,DE,limoneneis,0E2F20AA0DBC87C255640E0F4F415B14694DF7A5,11000,Fast Guard Running Stable V2Dir Valid,Yes,Yes,No
107.189.4.23,LU,Quetzalcoatl,0E2FF5BF873DF2FDBABE42DBF042D350DE794F15,15000,Exit Fast Guard HSDir Running Stable V2Dir Valid,No,No,Yes
217.79.181.90,DE,ForPrivacyNET,0E4F190C4A6F7DDF7F8C9A7842B85B4BBCF5F44B,29000,Fast Guard HSDir Running Stable V2Dir Valid,Yes,Yes,No
165.227.34.240,CA,artlogic,0E5D730466E5BB675BC9704C374DBE7E19F06165,3000,Fast Guard HSDir Running Stable V2Dir Valid,Yes,Yes,No
192.42.116.181,,NTH29R6,0E742A5F55FD6F4DE74A618F068095743AE30E5F,26000,Exit Fast Running Stable Valid,No,No,Yes
212.41.17.53,RU,ilosas,0E855CEAA9E0F2F9470CAE1FC6B861364FDCEC91,7800,Fast Guard HSDir Running Stable V2Dir Valid,Yes,Yes,No
23.153.248.32,US,0x7c0,0E929E105647A77238BBCFD79E099FA883CEFCD3,13000,Exit Fast Guard HSDir Running Stable V2Dir Valid,No,No,Yes
193.218.118.182,UA,ua321,0E92BF02B3C11B0DD18301A0DE1B164A0546E36F,6200,Exit Fast Guard Running Stable V2Dir Valid,No,No,Yes
172.105.68.180,DE,AndranikMarkosyan,0E94E6E286132300562BD12A6B881708CC032BAF,1400,Fast Running Stable Valid,No,No,No
87.236.199.239,CZ,Liberation,0E98EA05A6DA0FA11C0C3C32BF0D6E4F8B0D1DB8,16000,Fast Guard HSDir Running Stable V2Dir Valid,Yes,Yes,No
188.165.26.13,FR,Unnamed,0E9CF92A1840341AECB39D1F9700C1BAEA51C284,27000,Fast Guard HSDir Running Stable V2Dir Valid,Yes,Yes,No
80.210.78.252,DK,TAWFEKdotCLOUD01,0EA36BA7380AFC4E628997289EB9E78E6984CAB7,19000,Exit Fast Guard Running Stable V2Dir Valid,No,No,Yes
209.141.52.110,US,devvulLV,0EB05178DE949D3E8EEEC0BC02ED20FF0995F56C,2200,Fast Guard HSDir Running Stable V2Dir Valid,Yes,Yes,No
202.61.196.212,AT,couchkartoffeltor,0EC8321560B5E754F2DC290E1EE2EAACD221088F,8700,Fast Guard HSDir Running Stable V2Dir Valid,Yes,Yes,No
217.182.196.68,DE,TOR2DFNrelB,0ED0EA324C931CF41CB5272BFB1D015B3D5772A9,22000,Fast Guard HSDir Running Stable V2Dir Valid,Yes,Yes,No
146.0.36.21,DE,Loukanikos,0EDB953238918AAED075123174053E85A3D711D5,39000,Fast Guard HSDir Running Stable V2Dir Valid,Yes,Yes,No
2.57.122.246,RO,prsv,0EF492E6702F6F2B5D16881393FFA347A764C017,4700,Fast Guard Running Stable V2Dir Valid,Yes,Yes,No
45.151.167.10,DE,artikel10ams02,0EF99182CB04B14A718EFDFCC0FA3528ED486AB5,13000,Exit Fast Running Stable Valid,No,No,Yes
179.43.159.196,CH,FreeExit,0F1C8168DFD0AADBE61BD71194D37C867FED5A21,22000,Exit Fast Guard HSDir Running Stable V2Dir Valid,No,No,Yes
51.68.53.75,FR,prsv,0F247009BECE5BD42EA8FCE2AE3879A84887A6D0,28000,Fast Running Stable V2Dir Valid,No,No,No
185.189.125.22,PL,Anaconda1,0F2D7468A8404E5CB194D003F38EF2CD38930499,5100,Fast Guard HSDir Running Stable V2Dir Valid,Yes,Yes,No
185.181.60.66,NO,beatifulpeople,0F2E1CB5403A576FBABF8362764A225E454BA799,33000,Fast Running Valid,No,No,No
178.170.10.3,FR,Sovereign2,0F35F5DDD162199B60B2D2CBC9BB7E35A084AFF6,4300,Fast Guard HSDir Running Stable V2Dir Valid,Yes,Yes,No
198.251.88.142,LU,Polyphemus5,0F3874C18BE50B83939D09AF2F6C362D1FC6C8CD,15000,Exit Fast Guard Running Stable V2Dir Valid,No,No,Yes
76.89.223.26,US,Qazwsxedcrfv,0F3B1BCB42C0E688D4A45887EFDD762B8D2F08F9,710,Fast HSDir Running Stable V2Dir Valid,No,No,No
113.20.28.243,ID,Tochar,0F3D8493DD75CB13E5359A46280562484580BA73,500,Fast HSDir Running Stable V2Dir Valid,No,No,No
139.99.134.168,AU,whynot1,0F53B4B16768A8A18B838103DD500068C4D656EB,910,Fast HSDir Running Stable V2Dir Valid,No,No,No
172.245.23.98,US,YoungSibling,0F5A78ECBA449016B00F05A85398D5AD3DC7A895,9100,Fast Guard HSDir Running Stable V2Dir Valid,Yes,Yes,No
193.26.156.86,AT,Unnamed,0F6033F8B4B2619EB8121CD10CC69B0E0E635A64,16000,Fast Guard HSDir Running Stable V2Dir Valid,Yes,Yes,No
149.56.44.47,CA,torjockel,0F64A062EEB86CCFD243848263CD69B708BCE805,16000,Exit Fast Guard HSDir Running Stable V2Dir Valid,No,No,Yes
87.100.217.17,FI,pilvi,0F6A04276CB95D042AEE8D28B745878F827D210D,450,Fast HSDir Running Stable V2Dir Valid,No,No,No
190.211.254.76,GB,apollo112,0F71B014AF6A2235BD0D0FBD2D50161F5F933A0E,5700,Fast Guard HSDir Running Stable V2Dir Valid,Yes,Yes,No
100.19.145.164,US,TBB,0F87B10519E5649121C4B6FB14D2FA8003F42709,2800,Fast HSDir Running Stable V2Dir Valid,No,No,No
212.95.50.77,DE,ywaifir,0F938542D1C783D3DC0CB78CA53877290D9FB211,29000,Exit Fast Guard HSDir Running Stable V2Dir Valid,No,No,Yes
63.250.56.54,NL,sk,0FA27420736C9BE2E82BD12566BF34A0157C5585,6300,Fast Guard HSDir Running Stable V2Dir Valid,Yes,Yes,No
157.147.123.68,JP,NaruOTORI,0FA6178AE39C413FE657642DDC095C93B1842A79,97,Running Stable V2Dir Valid,No,No,No
185.220.101.31,DE,artikel10ber121,0FA8C6295D9D9BD1D2EB1F95026B98F74709591F,22000,Exit Fast Running Stable Valid,No,No,Yes
45.86.86.158,RU,zensursula,0FBABB8C7B22CEDDFC849331E8E9E29C18081235,6900,Fast Guard HSDir Running Stable V2Dir Valid,Yes,Yes,No
72.14.177.164,US,mentor,0FC12F2B7DD0E94930F9B3CDD321308996652957,39,Running Stable V2Dir Valid,No,No,No
108.62.211.205,US,BaBaBooey,0FCABB8C6E412E60CB862FE19A64191A69EB94EC,28000,Fast Guard HSDir Running Stable V2Dir Valid,Yes,Yes,No
192.42.116.195,,NTH5R2,0FCEE0FA9913782208A44B96271FCFA483B04E85,22000,Exit Fast Running Stable Valid,No,No,Yes
85.214.147.9,DE,SchweinfurtsTor2,0FDC9A7D60608123CF5432F6E25C6E4BC23E7938,9000,Fast Guard HSDir Running Stable V2Dir Valid,Yes,Yes,No
217.160.216.38,DE,torNode42,0FDF8268985A0C75E9D830BBB5EF1D6E2EF98706,41,Running Stable Valid,No,No,No
92.222.172.56,FR,baxTianRelay,0FE1F61102A4B10EE33ADC2B4275AD5632E2D31C,6,Running Stable V2Dir Valid,No,No,No
65.109.26.85,FI,Orez2,0FE3CE8A2B663F5711DA0505469DA2FCE7B27F5F,36000,Fast Running V2Dir Valid,No,No,No
185.220.101.152,DE,relayon0152,1005C9ECD49A2BA2A08928570A9BC2EBE811300C,3900,Exit Fast Guard Running Stable V2Dir Valid,No,No,Yes
212.227.228.245,DE,Painkiller,100DE42012BB739A56EAF3266A21C9B168A577BC,29000,Fast Guard HSDir Running Stable V2Dir Valid,Yes,Yes,No
82.149.227.123,DE,cryzrelay04,101C18886B30BB23B36CBAAD159261188852E112,200,Fast HSDir Running Stable V2Dir Valid,No,No,No
65.108.77.19,FI,doofenschmirtz,10231E08F19C03D5A2FE3AAD03D863ABDE2081BC,8100,Fast Guard HSDir Running Stable V2Dir Valid,Yes,Yes,No
220.85.171.118,KR,juwonpee,102EBA826A3BCB603F6EC68338876BF61F0F6090,520,Fast HSDir Running Stable V2Dir Valid,No,No,No
85.195.235.248,CH,RelayStation,103336165A0D2EFCAD3605339843A0A7710B8B92,72000,Fast Guard HSDir Running Stable V2Dir Valid,Yes,Yes,No
185.220.101.13,DE,artikel10ber49,105F800FD30E637883A64EA64BC556E82C248A51,15000,Exit Fast Running Stable Valid,No,No,Yes
51.83.227.239,PL,Alured,106686105CD21155FB392DDFDCF729F0ACAA69A7,25000,Fast Guard HSDir Running Stable V2Dir Valid,Yes,Yes,No
38.242.234.161,DE,FreeFlow02,106BF05A9D507336DFF8004869088B0F900B4AF2,15000,Fast Guard HSDir Running Stable V2Dir Valid,Yes,Yes,No
109.70.100.70,AT,hamster,106E3C8FCEF8F5774B9E97732A37DACE99503636,19000,Exit Fast Running Stable Valid,No,No,Yes
69.197.128.154,US,jstark1809tm,10761183265E627529BC250B6A6645ED980D9697,110000,Fast HSDir Running Stable V2Dir Valid,No,No,No
51.15.185.201,FR,PoochySloochy,1079E628FC6B0025656AC024F2D9975C441498CD,40000,Fast Guard HSDir Running Stable V2Dir Valid,Yes,Yes,No
116.12.180.237,SG,tommyboy,10805A3833774B812D07EB7D1D75A54021590F56,1600,Fast HSDir Running Stable V2Dir Valid,No,No,No
188.127.30.114,PL,accidental,1083F8B7F92726F59F213930CA3018E1E5DCBFC4,4800,Fast Guard HSDir Running Stable V2Dir Valid,Yes,Yes,No
193.168.141.134,RO,Unnamed,1094443C8D258071CE51C7CCC034E88A92E2FA0F,12000,Fast Guard HSDir Running Stable V2Dir Valid,Yes,Yes,No
192.42.116.187,,NTH35R6,10960410C9BBB2E3CD8B2A3C36C715C2CD07ACB4,20000,Exit Fast Guard Running Stable V2Dir Valid,No,No,Yes
144.76.154.13,DE,eridanus,10A5EFCCD2FB9C1A4AC20FB779A5DB11B58957A7,36000,Fast Guard Running Stable V2Dir Valid,Yes,Yes,No
94.156.128.10,BG,MuddyMouse,10A9C1EC3BCC85C209767E374D93A6CFF5F22CA2,25,Running Stable V2Dir Valid,No,No,No
79.254.166.251,DE,httpkiller,10BE6D891A758670CB130479BA035048ABD3D120,3200,Fast Running V2Dir Valid,No,No,No
45.141.215.235,PL,Quetzalcoatl,10C079B536D3F682F8A1BB882DED61182646D167,7300,Exit Fast Guard HSDir Running Stable V2Dir Valid,No,No,Yes
94.16.104.159,AT,baloonasTORrelay,10D219897E4F2594AF1EC01C414C2E3754ABA5C8,14000,Fast Guard HSDir Running Stable V2Dir Valid,Yes,Yes,No
185.241.208.243,PL,Quetzalcoatl,10D5A1CC50849F63A91B3DF8068F806EE3532541,10000,Exit Fast Guard HSDir Running Stable V2Dir Valid,No,No,Yes
200.25.27.8,CO,Guya,10DB3E90330886F6C4D74403EB4458669B577185,5800,BadExit Fast MiddleOnly Running Stable Valid,No,Yes,No
84.83.93.100,NL,ByteBob,10DF0DD9AA44A86F576A23218D50E7D3EFA15DD3,4600,Fast Guard Running Stable V2Dir Valid,Yes,Yes,No
109.70.100.67,AT,pakchoi,10E9A196646DA911893878A78368D67C7B46330A,21000,Exit Fast Running Stable Valid,No,No,Yes
77.12.69.179,DE,torry2,10F5F46073C92F71F9FBF0D2B8D9EDC642CF65FF,3200,Fast Running V2Dir Valid,No,No,No
172.106.17.190,US,cricket,11083713EC88FF09269EC37F5AD9DDAACA2F247C,2300,Fast Guard HSDir Running Stable V2Dir Valid,Yes,Yes,No
93.196.48.251,DE,ruminant,1112436FB1DDD1D28C7D753C97126E91CFF6D20A,680,Fast Running Stable V2Dir Valid,No,No,No
45.95.169.227,HR,Nyon,11154E2C9437BD29703480275F588C1264562689,10000,Exit Fast Guard HSDir Running Stable V2Dir Valid,No,No,Yes
80.241.220.57,DE,zerodivided,1119A89E729DB65839FB232A1E0F8669B0AE84DF,8400,Fast Guard HSDir Running Stable V2Dir Valid,Yes,Yes,No
158.58.173.243,IT,bauruine,111A885ECB6A76789BFE223AC55B7752FB4D8897,27000,Fast Guard HSDir Running Stable V2Dir Valid,Yes,Yes,No
51.15.127.227,FR,fa11en,112180BC6CA536138FF210BC59CB0957C3BFACC1,11000,Exit Fast Guard HSDir Running Stable V2Dir Valid,No,No,Yes
162.19.246.154,FR,qv,11294F82F9BC76A83642BA1D591990437D5FAFD3,19000,Fast Guard HSDir Running Stable V2Dir Valid,Yes,Yes,No
185.149.120.113,RU,mytornode1337,1130B49A40DDC01C0EBE44ABAE3CDB2BFB4DC7C1,2300,Exit Fast Guard HSDir Running Stable V2Dir Valid,No,No,Yes
109.70.100.66,AT,yams,1135DE744C137A47DE984E5E0E3AB73FAE606237,18000,Exit Fast Running Stable Valid,No,No,Yes
185.227.68.78,FI,giovanna,1137AB1F84EC2D52DFB1915717F14FF1A10EB392,6000,Exit Fast Guard HSDir Running Stable V2Dir Valid,No,No,Yes
162.19.204.163,FR,Nethergrog,114555F8664D317BB9616C02810A8A078049EAE3,58000,Fast Guard HSDir Running Stable V2Dir Valid,Yes,Yes,No
94.156.189.132,CY,kapsalonrelay,1147B5C11C58F81D3B37D0BCE8FF3337B0F73E94,1,Fast Running V2Dir Valid,No,No,No
103.152.178.118,JP,hashy,114C43B2BAD588861BC7A83FA9889ECC4F4E85EF,300,Fast HSDir Running Stable V2Dir Valid,No,No,No
23.154.177.6,US,UnredactedDrake,114D0851404015C0265F1F4D4BA6A5E1E970E15E,7000,Exit Fast Guard HSDir Running Stable V2Dir Valid,No,No,Yes
37.228.129.5,FI,sartre,114F6F2A3A6E8AB9AC2BD54B8C5A204C1CA5942B,13000,Exit Fast Running Stable Valid,No,No,Yes
172.105.237.238,JP,yogapants,1152163F91C3AA2D30B8FB8FFCA8D8442115EF85,11,Running Stable V2Dir Valid,No,No,No
185.220.101.66,DE,CCCStuttgartBer,116E8D8CBC15916FB38A0C4C00A870A960C2CE03,19000,Exit Fast Guard Running Stable V2Dir Valid,No,No,Yes
5.199.162.73,LT,QuakeVISOR,117286A3F5DF7275F2EB1F28D8AAC72772D84939,29000,Fast Guard HSDir Running Stable V2Dir Valid,Yes,Yes,No